query_id;hardness
1;easy
2;medium
3;medium
4;medium
5;easy
6;easy
7;hard
8;easy
9;hard
10;medium
11;easy
12;extra
13;medium
14;extra
15;medium
16;medium
17;easy
18;easy
19;easy
20;easy
21;easy
22;easy
23;easy
24;easy
25;easy
26;easy
27;medium
28;medium
29;easy
30;easy
31;easy
32;easy
33;medium
34;medium
35;medium
36;medium
37;medium
38;medium
39;extra
40;extra
41;medium
42;medium
43;medium
44;medium
45;medium
46;medium
47;hard
48;hard
49;hard
50;hard
51;hard
52;hard
53;medium
54;medium
55;easy
56;easy
57;extra
58;extra
59;hard
60;hard
61;medium
62;medium
63;hard
64;hard
65;easy
66;easy
67;medium
68;hard
69;hard
70;medium
71;medium
72;medium
73;medium
74;medium
75;medium
76;medium
77;medium
78;extra
79;extra
80;medium
81;medium
82;hard
83;hard
84;easy
85;easy
86;hard
87;hard
88;easy
89;easy
90;hard
91;hard
92;easy
93;easy
94;medium
95;medium
96;easy
97;easy
98;easy
99;easy
100;hard
101;hard
102;hard
103;hard
104;hard
105;hard
106;hard
107;hard
108;hard
109;hard
110;easy
111;easy
112;easy
113;easy
114;medium
115;medium
116;medium
117;medium
118;medium
119;medium
120;medium
121;medium
122;medium
123;medium
124;hard
125;hard
126;easy
127;easy
128;easy
129;easy
130;easy
131;easy
132;medium
133;medium
134;extra
135;extra
136;extra
137;extra
138;medium
139;medium
140;hard
141;hard
142;hard
143;hard
144;extra
145;extra
146;extra
147;extra
148;hard
149;hard
150;extra
151;extra
152;extra
153;extra
154;medium
155;medium
156;medium
157;medium
158;medium
159;medium
160;extra
161;extra
162;medium
163;medium
164;hard
165;hard
166;medium
167;medium
168;medium
169;medium
170;hard
171;hard
172;extra
173;extra
174;medium
175;medium
176;medium
177;medium
178;medium
179;medium
180;medium
181;medium
182;easy
183;easy
184;medium
185;medium
186;medium
187;medium
188;medium
189;medium
190;medium
191;medium
192;medium
193;medium
194;easy
195;easy
196;hard
197;hard
198;hard
199;hard
200;easy
201;easy
202;medium
203;medium
204;medium
205;medium
206;hard
207;hard
208;hard
209;hard
210;extra
211;extra
212;medium
213;medium
214;easy
215;easy
216;easy
217;easy
218;medium
219;easy
220;easy
221;medium
222;medium
223;medium
224;medium
225;medium
226;easy
227;medium
228;hard
229;easy
230;hard
231;hard
232;easy
233;easy
234;medium
235;easy
236;easy
237;easy
238;easy
239;medium
240;medium
241;easy
242;easy
243;easy
244;easy
245;medium
246;medium
247;easy
248;easy
249;easy
250;easy
251;medium
252;medium
253;medium
254;medium
255;medium
256;medium
257;medium
258;medium
259;medium
260;medium
261;medium
262;medium
263;hard
264;hard
265;hard
266;hard
267;easy
268;easy
269;hard
270;hard
271;hard
272;hard
273;medium
274;medium
275;easy
276;easy
277;easy
278;easy
279;easy
280;easy
281;easy
282;medium
283;extra
284;medium
285;medium
286;extra
287;medium
288;medium
289;extra
290;hard
291;medium
292;medium
293;medium
294;medium
295;easy
296;medium
297;medium
298;medium
299;extra
300;hard
301;medium
302;easy
303;easy
304;easy
305;easy
306;easy
307;easy
308;medium
309;medium
310;medium
311;medium
312;hard
313;hard
314;medium
315;medium
316;extra
317;extra
318;medium
319;medium
320;hard
321;hard
322;medium
323;medium
324;medium
325;medium
326;medium
327;medium
328;medium
329;medium
330;medium
331;medium
332;medium
333;medium
334;medium
335;medium
336;medium
337;medium
338;easy
339;easy
340;easy
341;easy
342;easy
343;easy
344;easy
345;easy
346;medium
347;medium
348;easy
349;easy
350;easy
351;easy
352;medium
353;medium
354;medium
355;medium
356;medium
357;medium
358;medium
359;medium
360;hard
361;hard
362;easy
363;easy
364;medium
365;medium
366;easy
367;easy
368;easy
369;easy
370;medium
371;medium
372;medium
373;medium
374;medium
375;medium
376;medium
377;medium
378;hard
379;hard
380;medium
381;medium
382;easy
383;easy
384;medium
385;medium
386;easy
387;easy
388;easy
389;easy
390;medium
391;medium
392;easy
393;easy
394;medium
395;medium
396;medium
397;medium
398;medium
399;medium
400;medium
401;medium
402;medium
403;medium
404;medium
405;medium
406;medium
407;medium
408;hard
409;hard
410;hard
411;hard
412;medium
413;medium
414;medium
415;medium
416;medium
417;medium
418;medium
419;medium
420;easy
421;easy
422;hard
423;hard
424;hard
425;hard
426;hard
427;hard
428;extra
429;extra
430;hard
431;hard
432;extra
433;extra
434;extra
435;extra
436;extra
437;extra
438;extra
439;extra
440;easy
441;easy
442;easy
443;easy
444;easy
445;easy
446;medium
447;medium
448;easy
449;easy
450;easy
451;easy
452;easy
453;easy
454;medium
455;medium
456;hard
457;hard
458;hard
459;hard
460;easy
461;easy
462;medium
463;medium
464;easy
465;easy
466;easy
467;easy
468;easy
469;easy
470;medium
471;medium
472;easy
473;easy
474;easy
475;easy
476;easy
477;easy
478;easy
479;easy
480;easy
481;easy
482;medium
483;medium
484;medium
485;medium
486;hard
487;hard
488;hard
489;hard
490;medium
491;medium
492;hard
493;hard
494;medium
495;medium
496;medium
497;medium
498;medium
499;medium
500;medium
501;medium
502;hard
503;hard
504;easy
505;easy
506;easy
507;easy
508;hard
509;hard
510;hard
511;hard
512;medium
513;medium
514;hard
515;hard
516;medium
517;medium
518;medium
519;medium
520;extra
521;extra
522;extra
523;extra
524;extra
525;extra
526;hard
527;hard
528;extra
529;extra
530;extra
531;extra
532;hard
533;hard
534;extra
535;extra
536;extra
537;extra
538;hard
539;hard
540;hard
541;hard
542;hard
543;hard
544;hard
545;hard
546;extra
547;extra
548;extra
549;extra
550;extra
551;extra
552;easy
553;easy
554;easy
555;easy
556;hard
557;hard
558;hard
559;hard
560;medium
561;medium
562;medium
563;medium
564;medium
565;medium
566;extra
567;extra
568;medium
569;medium
570;medium
571;medium
572;medium
573;medium
574;medium
575;medium
576;medium
577;medium
578;easy
579;easy
580;easy
581;easy
582;medium
583;medium
584;hard
585;hard
586;medium
587;medium
588;medium
589;medium
590;extra
591;extra
592;medium
593;medium
594;extra
595;extra
596;easy
597;easy
598;medium
599;medium
600;medium
601;medium
602;medium
603;medium
604;medium
605;medium
606;extra
607;extra
608;medium
609;medium
610;medium
611;medium
612;easy
613;easy
614;easy
615;easy
616;easy
617;easy
618;easy
619;easy
620;easy
621;easy
622;medium
623;medium
624;medium
625;medium
626;medium
627;medium
628;medium
629;medium
630;hard
631;hard
632;extra
633;extra
634;hard
635;hard
636;hard
637;hard
638;medium
639;medium
640;extra
641;extra
642;easy
643;easy
644;extra
645;extra
646;extra
647;extra
648;medium
649;medium
650;easy
651;easy
652;medium
653;easy
654;medium
655;medium
656;medium
657;hard
658;easy
659;medium
660;medium
661;hard
662;hard
663;medium
664;medium
665;hard
666;extra
667;medium
668;easy
669;easy
670;medium
671;medium
672;easy
673;easy
674;medium
675;medium
676;medium
677;medium
678;medium
679;medium
680;hard
681;hard
682;extra
683;extra
684;extra
685;extra
686;extra
687;extra
688;medium
689;medium
690;easy
691;easy
692;easy
693;easy
694;medium
695;medium
696;medium
697;medium
698;easy
699;easy
700;medium
701;medium
702;medium
703;medium
704;medium
705;medium
706;medium
707;medium
708;easy
709;easy
710;medium
711;medium
712;medium
713;medium
714;hard
715;hard
716;medium
717;medium
718;extra
719;extra
720;medium
721;medium
722;hard
723;hard
724;easy
725;easy
726;medium
727;medium
728;extra
729;extra
730;easy
731;easy
732;easy
733;easy
734;easy
735;easy
736;easy
737;easy
738;medium
739;medium
740;medium
741;medium
742;medium
743;medium
744;hard
745;hard
746;medium
747;medium
748;easy
749;easy
750;medium
751;medium
752;medium
753;medium
754;medium
755;medium
756;medium
757;medium
758;extra
759;extra
760;easy
761;easy
762;easy
763;easy
764;easy
765;easy
766;medium
767;medium
768;medium
769;medium
770;hard
771;hard
772;easy
773;easy
774;hard
775;hard
776;hard
777;hard
778;easy
779;easy
780;medium
781;medium
782;extra
783;extra
784;medium
785;medium
786;medium
787;medium
788;hard
789;hard
790;easy
791;medium
792;medium
793;extra
794;medium
795;easy
796;hard
797;hard
798;easy
799;hard
800;easy
801;medium
802;extra
803;extra
804;medium
805;hard
806;hard
807;easy
808;easy
809;easy
810;easy
811;easy
812;easy
813;easy
814;medium
815;medium
816;easy
817;easy
818;medium
819;medium
820;medium
821;medium
822;medium
823;medium
824;medium
825;medium
826;extra
827;extra
828;medium
829;medium
830;easy
831;easy
832;medium
833;medium
834;medium
835;medium
836;extra
837;extra
838;extra
839;extra
840;hard
841;hard
842;medium
843;medium
844;medium
845;medium
846;medium
847;medium
848;medium
849;medium
850;medium
851;medium
852;medium
853;medium
854;easy
855;easy
856;medium
857;medium
858;hard
859;hard
860;medium
861;medium
862;medium
863;medium
864;easy
865;easy
866;medium
867;medium
868;hard
869;hard
870;medium
871;medium
872;medium
873;medium
874;easy
875;easy
876;hard
877;hard
878;hard
879;hard
880;medium
881;medium
882;extra
883;extra
884;easy
885;easy
886;easy
887;easy
888;extra
889;extra
890;extra
891;extra
892;easy
893;easy
894;easy
895;easy
896;hard
897;hard
898;hard
899;hard
900;easy
901;easy
902;medium
903;medium
904;medium
905;medium
906;extra
907;extra
908;medium
909;medium
910;extra
911;extra
912;hard
913;hard
914;extra
915;extra
916;easy
917;easy
918;easy
919;easy
920;hard
921;hard
922;extra
923;extra
924;extra
925;extra
926;medium
927;medium
928;medium
929;medium
930;medium
931;medium
932;hard
933;hard
934;easy
935;easy
936;easy
937;easy
938;medium
939;medium
940;easy
941;easy
942;medium
943;medium
944;easy
945;easy
946;medium
947;medium
948;hard
949;hard
950;medium
951;medium
952;hard
953;hard
954;extra
955;extra
956;hard
957;hard
958;hard
959;hard
960;easy
961;easy
962;extra
963;extra
964;medium
965;medium
966;medium
967;medium
968;extra
969;extra
970;extra
971;extra
972;easy
973;easy
974;medium
975;medium
976;medium
977;medium
978;medium
979;medium
980;medium
981;medium
982;medium
983;medium
984;hard
985;hard
986;easy
987;easy
988;medium
989;medium
990;hard
991;hard
992;hard
993;hard
994;medium
995;medium
996;easy
997;easy
998;medium
999;medium
1000;medium
1001;medium
1002;medium
1003;medium
1004;extra
1005;extra
1006;medium
1007;medium
1008;easy
1009;easy
1010;medium
1011;medium
1012;extra
1013;extra
1014;medium
1015;medium
1016;medium
1017;medium
1018;easy
1019;easy
1020;easy
1021;easy
1022;easy
1023;easy
1024;easy
1025;medium
1026;medium
1027;easy
1028;extra
1029;medium
1030;hard
1031;medium
1032;medium
1033;medium
1034;hard
1035;easy
1036;medium
1037;extra
1038;hard
1039;extra
1040;hard
1041;medium
1042;medium
1043;medium
1044;medium
1045;easy
1046;easy
1047;easy
1048;easy
1049;easy
1050;extra
1051;hard
1052;extra
1053;easy
1054;easy
1055;medium
1056;medium
1057;medium
1058;medium
1059;easy
1060;easy
1061;easy
1062;easy
1063;medium
1064;medium
1065;medium
1066;medium
1067;easy
1068;easy
1069;medium
1070;medium
1071;easy
1072;easy
1073;medium
1074;medium
1075;medium
1076;medium
1077;medium
1078;medium
1079;hard
1080;hard
1081;medium
1082;medium
1083;medium
1084;medium
1085;medium
1086;medium
1087;medium
1088;medium
1089;medium
1090;medium
1091;medium
1092;medium
1093;medium
1094;medium
1095;easy
1096;easy
1097;hard
1098;hard
1099;hard
1100;hard
1101;easy
1102;easy
1103;medium
1104;medium
1105;hard
1106;hard
1107;extra
1108;extra
1109;hard
1110;hard
1111;easy
1112;easy
1113;easy
1114;easy
1115;easy
1116;easy
1117;easy
1118;easy
1119;easy
1120;easy
1121;easy
1122;easy
1123;easy
1124;easy
1125;medium
1126;medium
1127;medium
1128;medium
1129;medium
1130;medium
1131;medium
1132;medium
1133;hard
1134;hard
1135;medium
1136;medium
1137;medium
1138;medium
1139;medium
1140;medium
1141;easy
1142;easy
1143;hard
1144;hard
1145;hard
1146;hard
1147;hard
1148;hard
1149;medium
1150;medium
1151;easy
1152;easy
1153;medium
1154;easy
1155;medium
1156;easy
1157;easy
1158;medium
1159;hard
1160;hard
1161;medium
1162;medium
1163;medium
1164;medium
1165;hard
1166;easy
1167;medium
1168;easy
1169;extra
1170;easy
1171;extra
1172;hard
1173;hard
1174;easy
1175;easy
1176;easy
1177;medium
1178;medium
1179;medium
1180;easy
1181;medium
1182;medium
1183;medium
1184;medium
1185;hard
1186;medium
1187;medium
1188;medium
1189;hard
1190;easy
1191;easy
1192;hard
1193;hard
1194;easy
1195;easy
1196;easy
1197;medium
1198;medium
1199;easy
1200;easy
1201;easy
1202;easy
1203;medium
1204;medium
1205;medium
1206;medium
1207;medium
1208;medium
1209;easy
1210;easy
1211;medium
1212;medium
1213;easy
1214;easy
1215;easy
1216;easy
1217;medium
1218;medium
1219;easy
1220;easy
1221;medium
1222;medium
1223;medium
1224;medium
1225;medium
1226;medium
1227;medium
1228;medium
1229;medium
1230;medium
1231;medium
1232;medium
1233;medium
1234;medium
1235;medium
1236;medium
1237;medium
1238;medium
1239;medium
1240;medium
1241;medium
1242;medium
1243;medium
1244;medium
1245;medium
1246;medium
1247;medium
1248;medium
1249;medium
1250;medium
1251;easy
1252;easy
1253;medium
1254;medium
1255;extra
1256;extra
1257;hard
1258;hard
1259;hard
1260;hard
1261;hard
1262;hard
1263;extra
1264;extra
1265;medium
1266;medium
1267;extra
1268;extra
1269;extra
1270;extra
1271;extra
1272;extra
1273;extra
1274;extra
1275;easy
1276;easy
1277;medium
1278;medium
1279;easy
1280;medium
1281;medium
1282;medium
1283;extra
1284;extra
1285;extra
1286;easy
1287;extra
1288;medium
1289;extra
1290;extra
1291;medium
1292;medium
1293;medium
1294;medium
1295;medium
1296;easy
1297;medium
1298;extra
1299;extra
1300;medium
1301;medium
1302;medium
1303;medium
1304;hard
1305;extra
1306;hard
1307;hard
1308;easy
1309;easy
1310;medium
1311;medium
1312;easy
1313;medium
1314;medium
1315;hard
1316;easy
1317;hard
1318;medium
1319;hard
1320;hard
1321;hard
1322;hard
1323;easy
1324;easy
1325;easy
1326;easy
1327;extra
1328;extra
1329;medium
1330;medium
1331;medium
1332;medium
1333;hard
1334;hard
1335;easy
1336;easy
1337;easy
1338;easy
1339;easy
1340;easy
1341;easy
1342;easy
1343;medium
1344;medium
1345;medium
1346;medium
1347;extra
1348;extra
1349;hard
1350;hard
1351;easy
1352;easy
1353;medium
1354;medium
1355;medium
1356;medium
1357;medium
1358;medium
1359;extra
1360;extra
1361;hard
1362;hard
1363;hard
1364;hard
1365;hard
1366;hard
1367;extra
1368;extra
1369;hard
1370;hard
1371;hard
1372;hard
1373;hard
1374;hard
1375;easy
1376;easy
1377;medium
1378;medium
1379;medium
1380;medium
1381;medium
1382;medium
1383;easy
1384;easy
1385;medium
1386;medium
1387;extra
1388;extra
1389;medium
1390;medium
1391;medium
1392;medium
1393;medium
1394;medium
1395;medium
1396;medium
1397;easy
1398;easy
1399;medium
1400;medium
1401;extra
1402;extra
1403;medium
1404;medium
1405;hard
1406;hard
1407;hard
1408;hard
1409;hard
1410;hard
1411;medium
1412;medium
1413;hard
1414;hard
1415;medium
1416;medium
1417;hard
1418;hard
1419;hard
1420;hard
1421;hard
1422;hard
1423;hard
1424;hard
1425;hard
1426;hard
1427;hard
1428;hard
1429;medium
1430;medium
1431;hard
1432;hard
1433;hard
1434;hard
1435;extra
1436;extra
1437;hard
1438;hard
1439;extra
1440;extra
1441;hard
1442;hard
1443;hard
1444;hard
1445;hard
1446;hard
1447;hard
1448;hard
1449;hard
1450;hard
1451;extra
1452;extra
1453;hard
1454;hard
1455;hard
1456;hard
1457;extra
1458;extra
1459;extra
1460;extra
1461;hard
1462;hard
1463;hard
1464;hard
1465;easy
1466;easy
1467;medium
1468;medium
1469;medium
1470;medium
1471;medium
1472;medium
1473;medium
1474;medium
1475;easy
1476;easy
1477;extra
1478;extra
1479;extra
1480;extra
1481;extra
1482;extra
1483;hard
1484;hard
1485;medium
1486;medium
1487;medium
1488;medium
1489;hard
1490;hard
1491;hard
1492;hard
1493;easy
1494;easy
1495;medium
1496;easy
1497;medium
1498;medium
1499;medium
1500;hard
1501;easy
1502;medium
1503;hard
1504;hard
1505;medium
1506;medium
1507;hard
1508;easy
1509;easy
1510;medium
1511;medium
1512;hard
1513;hard
1514;easy
1515;easy
1516;medium
1517;medium
1518;extra
1519;extra
1520;extra
1521;extra
1522;extra
1523;extra
1524;hard
1525;hard
1526;easy
1527;easy
1528;extra
1529;extra
1530;medium
1531;medium
1532;medium
1533;medium
1534;hard
1535;hard
1536;hard
1537;hard
1538;medium
1539;medium
1540;extra
1541;extra
1542;easy
1543;easy
1544;easy
1545;easy
1546;extra
1547;extra
1548;easy
1549;easy
1550;easy
1551;easy
1552;medium
1553;medium
1554;medium
1555;medium
1556;extra
1557;extra
1558;medium
1559;medium
1560;extra
1561;extra
1562;medium
1563;medium
1564;hard
1565;hard
1566;medium
1567;medium
1568;extra
1569;extra
1570;medium
1571;medium
1572;medium
1573;medium
1574;easy
1575;easy
1576;medium
1577;medium
1578;easy
1579;easy
1580;medium
1581;medium
1582;medium
1583;medium
1584;medium
1585;medium
1586;hard
1587;hard
1588;medium
1589;medium
1590;medium
1591;medium
1592;hard
1593;hard
1594;medium
1595;medium
1596;easy
1597;easy
1598;easy
1599;easy
1600;medium
1601;medium
1602;extra
1603;extra
1604;easy
1605;easy
1606;medium
1607;medium
1608;medium
1609;medium
1610;medium
1611;medium
1612;extra
1613;extra
1614;hard
1615;hard
1616;medium
1617;medium
1618;medium
1619;medium
1620;medium
1621;medium
1622;hard
1623;hard
1624;medium
1625;medium
1626;medium
1627;medium
1628;extra
1629;extra
1630;easy
1631;medium
1632;easy
1633;easy
1634;medium
1635;medium
1636;medium
1637;medium
1638;hard
1639;medium
1640;extra
1641;hard
1642;extra
1643;hard
1644;medium
1645;medium
1646;easy
1647;extra
1648;medium
1649;easy
1650;easy
1651;easy
1652;medium
1653;medium
1654;easy
1655;easy
1656;medium
1657;medium
1658;medium
1659;medium
1660;medium
1661;medium
1662;medium
1663;medium
1664;easy
1665;easy
1666;medium
1667;medium
1668;medium
1669;medium
1670;extra
1671;extra
1672;hard
1673;hard
1674;extra
1675;extra
1676;medium
1677;medium
1678;medium
1679;medium
1680;medium
1681;medium
1682;hard
1683;hard
1684;extra
1685;extra
1686;hard
1687;hard
1688;hard
1689;hard
1690;easy
1691;easy
1692;easy
1693;easy
1694;medium
1695;easy
1696;easy
1697;easy
1698;extra
1699;hard
1700;medium
1701;extra
1702;medium
1703;extra
1704;extra
1705;extra
1706;easy
1707;extra
1708;extra
1709;extra
1710;medium
1711;medium
1712;hard
1713;extra
1714;medium
1715;hard
1716;hard
1717;hard
1718;extra
1719;extra
1720;easy
1721;easy
1722;medium
1723;medium
1724;medium
1725;medium
1726;medium
1727;hard
1728;easy
1729;medium
1730;hard
1731;hard
1732;hard
1733;hard
1734;hard
1735;medium
1736;extra
1737;easy
1738;easy
1739;easy
1740;easy
1741;easy
1742;easy
1743;easy
1744;easy
1745;easy
1746;easy
1747;easy
1748;easy
1749;medium
1750;medium
1751;medium
1752;medium
1753;medium
1754;medium
1755;hard
1756;hard
1757;easy
1758;easy
1759;medium
1760;medium
1761;medium
1762;medium
1763;extra
1764;extra
1765;medium
1766;medium
1767;medium
1768;medium
1769;hard
1770;hard
1771;hard
1772;hard
1773;easy
1774;easy
1775;medium
1776;medium
1777;medium
1778;medium
1779;easy
1780;easy
1781;easy
1782;easy
1783;easy
1784;easy
1785;hard
1786;hard
1787;extra
1788;extra
1789;hard
1790;hard
1791;hard
1792;hard
1793;extra
1794;extra
1795;extra
1796;extra
1797;easy
1798;easy
1799;extra
1800;extra
1801;extra
1802;extra
1803;extra
1804;extra
1805;medium
1806;medium
1807;medium
1808;medium
1809;extra
1810;extra
1811;extra
1812;extra
1813;medium
1814;medium
1815;extra
1816;extra
1817;medium
1818;medium
1819;hard
1820;hard
1821;hard
1822;hard
1823;hard
1824;hard
1825;hard
1826;hard
1827;easy
1828;easy
1829;medium
1830;medium
1831;medium
1832;medium
1833;hard
1834;medium
1835;extra
1836;hard
1837;easy
1838;extra
1839;hard
1840;extra
1841;extra
1842;medium
1843;medium
1844;hard
1845;easy
1846;easy
1847;easy
1848;easy
1849;medium
1850;medium
1851;easy
1852;easy
1853;medium
1854;medium
1855;easy
1856;easy
1857;medium
1858;medium
1859;medium
1860;medium
1861;hard
1862;hard
1863;medium
1864;medium
1865;medium
1866;medium
1867;easy
1868;easy
1869;medium
1870;medium
1871;easy
1872;easy
1873;hard
1874;hard
1875;easy
1876;easy
1877;hard
1878;hard
1879;hard
1880;hard
1881;easy
1882;easy
1883;medium
1884;medium
1885;easy
1886;easy
1887;easy
1888;medium
1889;medium
1890;hard
1891;medium
1892;medium
1893;medium
1894;medium
1895;extra
1896;hard
1897;medium
1898;extra
1899;hard
1900;medium
1901;medium
1902;medium
1903;medium
1904;easy
1905;easy
1906;medium
1907;extra
1908;hard
1909;easy
1910;extra
1911;easy
1912;medium
1913;medium
1914;medium
1915;extra
1916;medium
1917;medium
1918;medium
1919;hard
1920;medium
1921;hard
1922;hard
1923;medium
1924;hard
1925;easy
1926;medium
1927;hard
1928;medium
1929;hard
1930;extra
1931;hard
1932;hard
1933;easy
1934;easy
1935;medium
1936;extra
1937;easy
1938;easy
1939;medium
1940;medium
1941;medium
1942;medium
1943;extra
1944;medium
1945;medium
1946;medium
1947;medium
1948;easy
1949;easy
1950;medium
1951;medium
1952;medium
1953;medium
1954;medium
1955;extra
1956;extra
1957;medium
1958;medium
1959;medium
1960;medium
1961;medium
1962;medium
1963;hard
1964;extra
1965;easy
1966;medium
1967;hard
1968;medium
1969;easy
1970;medium
1971;easy
1972;medium
1973;easy
1974;medium
1975;extra
1976;extra
1977;medium
1978;medium
1979;easy
1980;easy
1981;medium
1982;easy
1983;medium
1984;medium
1985;medium
1986;hard
1987;hard
1988;medium
1989;hard
1990;hard
1991;medium
1992;hard
1993;hard
1994;easy
1995;easy
1996;medium
1997;medium
1998;medium
1999;medium
2000;medium
2001;medium
2002;medium
2003;medium
2004;easy
2005;easy
2006;medium
2007;medium
2008;medium
2009;medium
2010;hard
2011;hard
2012;medium
2013;medium
2014;medium
2015;medium
2016;easy
2017;easy
2018;extra
2019;extra
2020;hard
2021;hard
2022;hard
2023;hard
2024;medium
2025;medium
2026;extra
2027;extra
2028;hard
2029;hard
2030;hard
2031;hard
2032;extra
2033;extra
2034;easy
2035;easy
2036;medium
2037;medium
2038;extra
2039;extra
2040;easy
2041;easy
2042;easy
2043;easy
2044;easy
2045;easy
2046;medium
2047;medium
2048;medium
2049;medium
2050;easy
2051;easy
2052;medium
2053;medium
2054;medium
2055;medium
2056;medium
2057;medium
2058;medium
2059;medium
2060;extra
2061;extra
2062;medium
2063;medium
2064;hard
2065;hard
2066;hard
2067;hard
2068;medium
2069;medium
2070;easy
2071;easy
2072;medium
2073;medium
2074;hard
2075;hard
2076;medium
2077;medium
2078;extra
2079;extra
2080;easy
2081;easy
2082;hard
2083;hard
2084;easy
2085;easy
2086;medium
2087;easy
2088;medium
2089;medium
2090;medium
2091;hard
2092;hard
2093;medium
2094;hard
2095;hard
2096;medium
2097;medium
2098;hard
2099;easy
2100;easy
2101;easy
2102;easy
2103;easy
2104;easy
2105;easy
2106;easy
2107;easy
2108;medium
2109;medium
2110;medium
2111;medium
2112;medium
2113;easy
2114;easy
2115;medium
2116;medium
2117;medium
2118;extra
2119;easy
2120;medium
2121;easy
2122;extra
2123;extra
2124;easy
2125;easy
2126;hard
2127;medium
2128;medium
2129;hard
2130;extra
2131;medium
2132;easy
2133;easy
2134;easy
2135;medium
2136;medium
2137;medium
2138;medium
2139;medium
2140;medium
2141;medium
2142;medium
2143;easy
2144;easy
2145;medium
2146;hard
2147;hard
2148;extra
2149;hard
2150;hard
2151;extra
2152;extra
2153;easy
2154;medium
2155;medium
2156;medium
2157;medium
2158;easy
2159;easy
2160;easy
2161;easy
2162;medium
2163;medium
2164;medium
2165;medium
2166;hard
2167;hard
2168;hard
2169;hard
2170;hard
2171;hard
2172;medium
2173;medium
2174;extra
2175;extra
2176;hard
2177;hard
2178;medium
2179;medium
2180;extra
2181;extra
2182;extra
2183;extra
2184;medium
2185;medium
2186;medium
2187;medium
2188;medium
2189;medium
2190;medium
2191;medium
2192;medium
2193;medium
2194;medium
2195;medium
2196;extra
2197;extra
2198;extra
2199;extra
2200;easy
2201;easy
2202;easy
2203;easy
2204;easy
2205;easy
2206;medium
2207;medium
2208;extra
2209;extra
2210;extra
2211;extra
2212;extra
2213;extra
2214;medium
2215;medium
2216;extra
2217;extra
2218;medium
2219;medium
2220;medium
2221;medium
2222;medium
2223;medium
2224;extra
2225;extra
2226;extra
2227;extra
2228;hard
2229;hard
2230;hard
2231;hard
2232;extra
2233;extra
2234;easy
2235;easy
2236;easy
2237;easy
2238;medium
2239;medium
2240;easy
2241;easy
2242;medium
2243;medium
2244;medium
2245;medium
2246;medium
2247;medium
2248;hard
2249;hard
2250;easy
2251;easy
2252;medium
2253;medium
2254;hard
2255;hard
2256;hard
2257;hard
2258;medium
2259;medium
2260;hard
2261;hard
2262;hard
2263;hard
2264;easy
2265;easy
2266;easy
2267;easy
2268;medium
2269;medium
2270;easy
2271;easy
2272;easy
2273;easy
2274;easy
2275;easy
2276;medium
2277;medium
2278;medium
2279;medium
2280;hard
2281;hard
2282;medium
2283;medium
2284;hard
2285;hard
2286;medium
2287;medium
2288;medium
2289;medium
2290;hard
2291;hard
2292;easy
2293;easy
2294;medium
2295;medium
2296;hard
2297;hard
2298;hard
2299;hard
2300;easy
2301;easy
2302;hard
2303;hard
2304;easy
2305;easy
2306;easy
2307;easy
2308;medium
2309;easy
2310;easy
2311;medium
2312;hard
2313;medium
2314;hard
2315;medium
2316;medium
2317;hard
2318;medium
2319;medium
2320;hard
2321;hard
2322;easy
2323;hard
2324;easy
2325;easy
2326;easy
2327;easy
2328;easy
2329;easy
2330;easy
2331;easy
2332;easy
2333;medium
2334;medium
2335;extra
2336;extra
2337;medium
2338;medium
2339;medium
2340;medium
2341;hard
2342;hard
2343;hard
2344;hard
2345;medium
2346;medium
2347;hard
2348;hard
2349;hard
2350;hard
2351;extra
2352;extra
2353;easy
2354;easy
2355;easy
2356;easy
2357;hard
2358;hard
2359;hard
2360;hard
2361;extra
2362;extra
2363;medium
2364;medium
2365;easy
2366;easy
2367;easy
2368;easy
2369;medium
2370;medium
2371;medium
2372;medium
2373;easy
2374;easy
2375;medium
2376;medium
2377;medium
2378;medium
2379;medium
2380;medium
2381;extra
2382;extra
2383;extra
2384;extra
2385;medium
2386;medium
2387;medium
2388;medium
2389;medium
2390;medium
2391;medium
2392;medium
2393;easy
2394;easy
2395;easy
2396;easy
2397;hard
2398;hard
2399;medium
2400;medium
2401;medium
2402;medium
2403;medium
2404;medium
2405;medium
2406;medium
2407;easy
2408;easy
2409;medium
2410;medium
2411;medium
2412;medium
2413;medium
2414;medium
2415;hard
2416;hard
2417;medium
2418;medium
2419;extra
2420;extra
2421;hard
2422;hard
2423;medium
2424;medium
2425;medium
2426;medium
2427;medium
2428;medium
2429;hard
2430;hard
2431;hard
2432;hard
2433;easy
2434;easy
2435;easy
2436;easy
2437;medium
2438;medium
2439;easy
2440;easy
2441;easy
2442;easy
2443;easy
2444;easy
2445;medium
2446;medium
2447;easy
2448;easy
2449;easy
2450;easy
2451;medium
2452;medium
2453;hard
2454;hard
2455;medium
2456;medium
2457;medium
2458;medium
2459;hard
2460;hard
2461;medium
2462;medium
2463;extra
2464;extra
2465;hard
2466;hard
2467;extra
2468;extra
2469;hard
2470;hard
2471;extra
2472;extra
2473;hard
2474;hard
2475;medium
2476;medium
2477;hard
2478;hard
2479;hard
2480;hard
2481;hard
2482;hard
2483;hard
2484;hard
2485;hard
2486;hard
2487;hard
2488;hard
2489;medium
2490;medium
2491;easy
2492;easy
2493;medium
2494;medium
2495;medium
2496;medium
2497;extra
2498;extra
2499;extra
2500;extra
2501;hard
2502;hard
2503;hard
2504;hard
2505;medium
2506;medium
2507;medium
2508;medium
2509;extra
2510;extra
2511;medium
2512;medium
2513;medium
2514;medium
2515;extra
2516;extra
2517;hard
2518;hard
2519;medium
2520;medium
2521;hard
2522;hard
2523;easy
2524;easy
2525;extra
2526;extra
2527;medium
2528;medium
2529;extra
2530;extra
2531;extra
2532;extra
2533;easy
2534;easy
2535;easy
2536;easy
2537;easy
2538;easy
2539;medium
2540;medium
2541;easy
2542;easy
2543;easy
2544;easy
2545;easy
2546;easy
2547;medium
2548;medium
2549;medium
2550;medium
2551;medium
2552;medium
2553;medium
2554;medium
2555;hard
2556;hard
2557;hard
2558;hard
2559;medium
2560;medium
2561;medium
2562;medium
2563;hard
2564;hard
2565;hard
2566;hard
2567;hard
2568;hard
2569;hard
2570;hard
2571;easy
2572;easy
2573;medium
2574;medium
2575;medium
2576;medium
2577;extra
2578;extra
2579;medium
2580;medium
2581;medium
2582;medium
2583;extra
2584;extra
2585;medium
2586;medium
2587;medium
2588;medium
2589;easy
2590;easy
2591;medium
2592;medium
2593;medium
2594;medium
2595;easy
2596;easy
2597;medium
2598;medium
2599;easy
2600;easy
2601;extra
2602;extra
2603;medium
2604;medium
2605;medium
2606;medium
2607;easy
2608;easy
2609;easy
2610;easy
2611;medium
2612;medium
2613;medium
2614;medium
2615;medium
2616;medium
2617;medium
2618;medium
2619;medium
2620;medium
2621;medium
2622;medium
2623;easy
2624;easy
2625;medium
2626;medium
2627;medium
2628;medium
2629;medium
2630;medium
2631;easy
2632;easy
2633;medium
2634;medium
2635;hard
2636;hard
2637;extra
2638;extra
2639;medium
2640;medium
2641;medium
2642;medium
2643;easy
2644;easy
2645;hard
2646;hard
2647;medium
2648;medium
2649;medium
2650;medium
2651;medium
2652;hard
2653;hard
2654;easy
2655;easy
2656;medium
2657;easy
2658;medium
2659;hard
2660;medium
2661;easy
2662;easy
2663;easy
2664;easy
2665;medium
2666;medium
2667;extra
2668;extra
2669;easy
2670;easy
2671;medium
2672;medium
2673;medium
2674;medium
2675;hard
2676;hard
2677;hard
2678;hard
2679;medium
2680;medium
2681;hard
2682;hard
2683;hard
2684;hard
2685;hard
2686;hard
2687;medium
2688;medium
2689;hard
2690;hard
2691;easy
2692;easy
2693;medium
2694;medium
2695;easy
2696;easy
2697;easy
2698;easy
2699;easy
2700;easy
2701;medium
2702;medium
2703;medium
2704;medium
2705;extra
2706;extra
2707;medium
2708;medium
2709;easy
2710;easy
2711;hard
2712;hard
2713;medium
2714;medium
2715;medium
2716;medium
2717;extra
2718;extra
2719;hard
2720;hard
2721;extra
2722;extra
2723;hard
2724;hard
2725;hard
2726;hard
2727;hard
2728;hard
2729;medium
2730;medium
2731;extra
2732;extra
2733;extra
2734;extra
2735;easy
2736;easy
2737;medium
2738;medium
2739;easy
2740;easy
2741;medium
2742;medium
2743;easy
2744;easy
2745;easy
2746;easy
2747;easy
2748;easy
2749;medium
2750;medium
2751;easy
2752;easy
2753;medium
2754;medium
2755;easy
2756;easy
2757;easy
2758;easy
2759;medium
2760;medium
2761;medium
2762;medium
2763;medium
2764;medium
2765;medium
2766;medium
2767;medium
2768;medium
2769;medium
2770;medium
2771;hard
2772;hard
2773;medium
2774;medium
2775;medium
2776;medium
2777;medium
2778;medium
2779;easy
2780;easy
2781;easy
2782;easy
2783;medium
2784;medium
2785;medium
2786;medium
2787;medium
2788;medium
2789;easy
2790;easy
2791;extra
2792;extra
2793;hard
2794;hard
2795;hard
2796;hard
2797;hard
2798;hard
2799;extra
2800;extra
2801;extra
2802;extra
2803;easy
2804;easy
2805;medium
2806;medium
2807;easy
2808;medium
2809;medium
2810;hard
2811;hard
2812;medium
2813;medium
2814;hard
2815;hard
2816;hard
2817;hard
2818;medium
2819;extra
2820;medium
2821;easy
2822;easy
2823;easy
2824;easy
2825;easy
2826;medium
2827;medium
2828;medium
2829;medium
2830;medium
2831;easy
2832;hard
2833;hard
2834;medium
2835;medium
2836;medium
2837;hard
2838;medium
2839;hard
2840;hard
2841;extra
2842;extra
2843;easy
2844;extra
2845;easy
2846;easy
2847;easy
2848;medium
2849;hard
2850;medium
2851;hard
2852;hard
2853;medium
2854;medium
2855;hard
2856;easy
2857;extra
2858;medium
2859;easy
2860;easy
2861;easy
2862;easy
2863;easy
2864;easy
2865;hard
2866;hard
2867;hard
2868;hard
2869;hard
2870;hard
2871;hard
2872;hard
2873;hard
2874;hard
2875;hard
2876;hard
2877;hard
2878;hard
2879;hard
2880;hard
2881;hard
2882;hard
2883;hard
2884;hard
2885;hard
2886;hard
2887;hard
2888;hard
2889;hard
2890;hard
2891;hard
2892;hard
2893;hard
2894;hard
2895;extra
2896;extra
2897;extra
2898;extra
2899;extra
2900;extra
2901;extra
2902;extra
2903;extra
2904;extra
2905;medium
2906;medium
2907;medium
2908;medium
2909;extra
2910;extra
2911;extra
2912;extra
2913;extra
2914;extra
2915;easy
2916;easy
2917;easy
2918;easy
2919;easy
2920;easy
2921;easy
2922;easy
2923;medium
2924;medium
2925;easy
2926;easy
2927;hard
2928;hard
2929;hard
2930;hard
2931;easy
2932;easy
2933;medium
2934;medium
2935;extra
2936;extra
2937;easy
2938;easy
2939;extra
2940;extra
2941;medium
2942;medium
2943;medium
2944;medium
2945;hard
2946;hard
2947;easy
2948;easy
2949;medium
2950;medium
2951;extra
2952;extra
2953;extra
2954;extra
2955;medium
2956;medium
2957;hard
2958;hard
2959;easy
2960;easy
2961;extra
2962;extra
2963;hard
2964;hard
2965;medium
2966;medium
2967;extra
2968;extra
2969;extra
2970;extra
2971;easy
2972;easy
2973;easy
2974;easy
2975;medium
2976;medium
2977;extra
2978;extra
2979;medium
2980;medium
2981;easy
2982;easy
2983;easy
2984;easy
2985;medium
2986;medium
2987;easy
2988;easy
2989;medium
2990;medium
2991;medium
2992;medium
2993;extra
2994;extra
2995;hard
2996;hard
2997;hard
2998;hard
2999;hard
3000;hard
3001;medium
3002;medium
3003;medium
3004;medium
3005;hard
3006;hard
3007;easy
3008;easy
3009;easy
3010;easy
3011;easy
3012;easy
3013;easy
3014;easy
3015;easy
3016;easy
3017;medium
3018;medium
3019;easy
3020;easy
3021;easy
3022;easy
3023;hard
3024;hard
3025;medium
3026;medium
3027;easy
3028;easy
3029;easy
3030;easy
3031;easy
3032;easy
3033;medium
3034;medium
3035;medium
3036;medium
3037;hard
3038;hard
3039;hard
3040;hard
3041;hard
3042;hard
3043;extra
3044;extra
3045;hard
3046;hard
3047;medium
3048;medium
3049;medium
3050;medium
3051;medium
3052;medium
3053;extra
3054;extra
3055;hard
3056;hard
3057;medium
3058;medium
3059;medium
3060;medium
3061;medium
3062;medium
3063;medium
3064;medium
3065;medium
3066;medium
3067;extra
3068;extra
3069;extra
3070;extra
3071;easy
3072;easy
3073;medium
3074;medium
3075;medium
3076;medium
3077;medium
3078;medium
3079;hard
3080;hard
3081;medium
3082;medium
3083;hard
3084;hard
3085;extra
3086;extra
3087;easy
3088;easy
3089;easy
3090;easy
3091;easy
3092;medium
3093;easy
3094;medium
3095;medium
3096;easy
3097;easy
3098;easy
3099;medium
3100;medium
3101;easy
3102;easy
3103;medium
3104;easy
3105;extra
3106;extra
3107;extra
3108;extra
3109;extra
3110;extra
3111;extra
3112;extra
3113;medium
3114;medium
3115;medium
3116;medium
3117;hard
3118;hard
3119;medium
3120;medium
3121;medium
3122;medium
3123;medium
3124;extra
3125;hard
3126;hard
3127;extra
3128;medium
3129;medium
3130;extra
3131;extra
3132;extra
3133;medium
3134;medium
3135;medium
3136;medium
3137;medium
3138;extra
3139;easy
3140;easy
3141;extra
3142;medium
3143;medium
3144;extra
3145;extra
3146;extra
3147;medium
3148;extra
3149;extra
3150;easy
3151;medium
3152;medium
3153;hard
3154;hard
3155;hard
3156;medium
3157;hard
3158;medium
3159;medium
3160;medium
3161;medium
3162;medium
3163;medium
3164;extra
3165;medium
3166;medium
3167;extra
3168;hard
3169;easy
3170;extra
3171;medium
3172;medium
3173;easy
3174;medium
3175;medium
3176;easy
3177;easy
3178;hard
3179;hard
3180;medium
3181;medium
3182;medium
3183;medium
3184;easy
3185;easy
3186;medium
3187;medium
3188;easy
3189;easy
3190;easy
3191;easy
3192;medium
3193;medium
3194;medium
3195;medium
3196;medium
3197;medium
3198;medium
3199;medium
3200;medium
3201;medium
3202;medium
3203;medium
3204;medium
3205;medium
3206;medium
3207;medium
3208;hard
3209;hard
3210;medium
3211;medium
3212;hard
3213;hard
3214;extra
3215;extra
3216;medium
3217;medium
3218;medium
3219;medium
3220;medium
3221;medium
3222;medium
3223;medium
3224;extra
3225;extra
3226;easy
3227;easy
3228;easy
3229;easy
3230;easy
3231;easy
3232;easy
3233;easy
3234;medium
3235;medium
3236;easy
3237;easy
3238;medium
3239;medium
3240;extra
3241;extra
3242;medium
3243;medium
3244;hard
3245;hard
3246;hard
3247;hard
3248;easy
3249;easy
3250;easy
3251;easy
3252;extra
3253;extra
3254;extra
3255;extra
3256;easy
3257;easy
3258;easy
3259;easy
3260;medium
3261;medium
3262;medium
3263;medium
3264;medium
3265;medium
3266;hard
3267;hard
3268;medium
3269;medium
3270;extra
3271;extra
3272;extra
3273;extra
3274;hard
3275;hard
3276;extra
3277;extra
3278;hard
3279;hard
3280;hard
3281;hard
3282;medium
3283;medium
3284;hard
3285;hard
3286;extra
3287;extra
3288;medium
3289;medium
3290;hard
3291;hard
3292;extra
3293;extra
3294;extra
3295;extra
3296;hard
3297;hard
3298;medium
3299;medium
3300;hard
3301;hard
3302;extra
3303;extra
3304;extra
3305;extra
3306;extra
3307;extra
3308;hard
3309;hard
3310;medium
3311;medium
3312;medium
3313;medium
3314;hard
3315;hard
3316;extra
3317;extra
3318;hard
3319;hard
3320;hard
3321;hard
3322;extra
3323;extra
3324;extra
3325;extra
3326;medium
3327;medium
3328;hard
3329;hard
3330;medium
3331;medium
3332;medium
3333;medium
3334;hard
3335;hard
3336;extra
3337;extra
3338;easy
3339;easy
3340;easy
3341;easy
3342;easy
3343;easy
3344;medium
3345;medium
3346;easy
3347;easy
3348;medium
3349;medium
3350;easy
3351;easy
3352;easy
3353;easy
3354;easy
3355;easy
3356;medium
3357;medium
3358;medium
3359;medium
3360;medium
3361;medium
3362;medium
3363;medium
3364;easy
3365;easy
3366;medium
3367;medium
3368;hard
3369;hard
3370;easy
3371;easy
3372;hard
3373;hard
3374;hard
3375;hard
3376;easy
3377;easy
3378;easy
3379;easy
3380;hard
3381;hard
3382;medium
3383;medium
3384;extra
3385;extra
3386;hard
3387;hard
3388;hard
3389;hard
3390;easy
3391;medium
3392;medium
3393;medium
3394;medium
3395;extra
3396;medium
3397;easy
3398;medium
3399;extra
3400;medium
3401;hard
3402;medium
3403;medium
3404;extra
3405;extra
3406;medium
3407;medium
3408;medium
3409;medium
3410;medium
3411;medium
3412;easy
3413;easy
3414;easy
3415;easy
3416;medium
3417;medium
3418;medium
3419;medium
3420;hard
3421;hard
3422;easy
3423;easy
3424;medium
3425;medium
3426;medium
3427;medium
3428;medium
3429;medium
3430;medium
3431;medium
3432;extra
3433;extra
3434;medium
3435;medium
3436;easy
3437;easy
3438;extra
3439;extra
3440;easy
3441;easy
3442;easy
3443;easy
3444;medium
3445;medium
3446;medium
3447;medium
3448;medium
3449;medium
3450;easy
3451;easy
3452;medium
3453;medium
3454;medium
3455;medium
3456;medium
3457;medium
3458;medium
3459;medium
3460;easy
3461;easy
3462;hard
3463;hard
3464;medium
3465;medium
3466;medium
3467;medium
3468;medium
3469;medium
3470;extra
3471;extra
3472;medium
3473;medium
3474;extra
3475;extra
3476;hard
3477;hard
3478;extra
3479;extra
3480;easy
3481;easy
3482;medium
3483;medium
3484;easy
3485;easy
3486;easy
3487;easy
3488;medium
3489;medium
3490;easy
3491;easy
3492;medium
3493;medium
3494;medium
3495;medium
3496;hard
3497;hard
3498;hard
3499;hard
3500;extra
3501;extra
3502;extra
3503;extra
3504;extra
3505;extra
3506;extra
3507;extra
3508;extra
3509;extra
3510;extra
3511;extra
3512;medium
3513;medium
3514;hard
3515;hard
3516;medium
3517;medium
3518;medium
3519;medium
3520;extra
3521;extra
3522;medium
3523;medium
3524;hard
3525;hard
3526;medium
3527;medium
3528;hard
3529;hard
3530;medium
3531;medium
3532;medium
3533;medium
3534;easy
3535;easy
3536;easy
3537;easy
3538;medium
3539;medium
3540;medium
3541;medium
3542;hard
3543;hard
3544;hard
3545;hard
3546;medium
3547;medium
3548;easy
3549;easy
3550;medium
3551;medium
3552;hard
3553;hard
3554;hard
3555;hard
3556;hard
3557;hard
3558;medium
3559;medium
3560;medium
3561;medium
3562;medium
3563;medium
3564;medium
3565;medium
3566;hard
3567;hard
3568;medium
3569;medium
3570;hard
3571;hard
3572;hard
3573;hard
3574;hard
3575;hard
3576;hard
3577;hard
3578;medium
3579;medium
3580;easy
3581;easy
3582;hard
3583;hard
3584;extra
3585;extra
3586;hard
3587;hard
3588;extra
3589;extra
3590;medium
3591;medium
3592;medium
3593;medium
3594;extra
3595;extra
3596;hard
3597;hard
3598;medium
3599;medium
3600;hard
3601;hard
3602;hard
3603;hard
3604;hard
3605;hard
3606;hard
3607;hard
3608;hard
3609;hard
3610;extra
3611;extra
3612;extra
3613;extra
3614;hard
3615;hard
3616;hard
3617;hard
3618;hard
3619;hard
3620;extra
3621;extra
3622;medium
3623;medium
3624;hard
3625;hard
3626;hard
3627;hard
3628;hard
3629;hard
3630;extra
3631;extra
3632;medium
3633;medium
3634;medium
3635;medium
3636;extra
3637;extra
3638;medium
3639;medium
3640;medium
3641;medium
3642;extra
3643;extra
3644;extra
3645;extra
3646;easy
3647;easy
3648;extra
3649;extra
3650;hard
3651;hard
3652;medium
3653;medium
3654;medium
3655;medium
3656;hard
3657;hard
3658;medium
3659;medium
3660;extra
3661;extra
3662;extra
3663;extra
3664;extra
3665;extra
3666;medium
3667;medium
3668;medium
3669;medium
3670;extra
3671;extra
3672;hard
3673;hard
3674;easy
3675;easy
3676;medium
3677;medium
3678;medium
3679;medium
3680;medium
3681;medium
3682;hard
3683;hard
3684;hard
3685;hard
3686;hard
3687;hard
3688;easy
3689;easy
3690;medium
3691;medium
3692;medium
3693;medium
3694;medium
3695;medium
3696;medium
3697;medium
3698;extra
3699;extra
3700;medium
3701;medium
3702;extra
3703;extra
3704;easy
3705;easy
3706;easy
3707;easy
3708;easy
3709;easy
3710;extra
3711;extra
3712;easy
3713;medium
3714;medium
3715;medium
3716;easy
3717;medium
3718;medium
3719;medium
3720;extra
3721;hard
3722;easy
3723;extra
3724;medium
3725;extra
3726;extra
3727;medium
3728;hard
3729;easy
3730;easy
3731;easy
3732;easy
3733;medium
3734;medium
3735;easy
3736;easy
3737;easy
3738;easy
3739;medium
3740;medium
3741;medium
3742;medium
3743;easy
3744;easy
3745;medium
3746;medium
3747;extra
3748;extra
3749;medium
3750;medium
3751;easy
3752;easy
3753;hard
3754;hard
3755;extra
3756;extra
3757;easy
3758;easy
3759;easy
3760;easy
3761;easy
3762;easy
3763;medium
3764;medium
3765;medium
3766;medium
3767;extra
3768;extra
3769;easy
3770;easy
3771;easy
3772;easy
3773;easy
3774;easy
3775;easy
3776;easy
3777;medium
3778;medium
3779;medium
3780;medium
3781;easy
3782;easy
3783;easy
3784;easy
3785;easy
3786;easy
3787;easy
3788;easy
3789;easy
3790;easy
3791;medium
3792;medium
3793;medium
3794;medium
3795;easy
3796;easy
3797;easy
3798;easy
3799;medium
3800;medium
3801;extra
3802;extra
3803;medium
3804;medium
3805;hard
3806;hard
3807;extra
3808;extra
3809;medium
3810;medium
3811;medium
3812;medium
3813;medium
3814;medium
3815;medium
3816;medium
3817;hard
3818;hard
3819;medium
3820;medium
3821;extra
3822;extra
3823;medium
3824;medium
3825;medium
3826;medium
3827;medium
3828;medium
3829;medium
3830;medium
3831;medium
3832;medium
3833;medium
3834;medium
3835;extra
3836;extra
3837;extra
3838;extra
3839;medium
3840;medium
3841;medium
3842;medium
3843;hard
3844;hard
3845;extra
3846;extra
3847;hard
3848;hard
3849;hard
3850;hard
3851;extra
3852;extra
3853;extra
3854;extra
3855;medium
3856;medium
3857;medium
3858;medium
3859;medium
3860;medium
3861;extra
3862;extra
3863;hard
3864;hard
3865;medium
3866;medium
3867;extra
3868;extra
3869;extra
3870;extra
3871;medium
3872;medium
3873;easy
3874;easy
3875;medium
3876;medium
3877;medium
3878;medium
3879;hard
3880;hard
3881;hard
3882;hard
3883;easy
3884;easy
3885;easy
3886;easy
3887;hard
3888;hard
3889;easy
3890;easy
3891;medium
3892;medium
3893;hard
3894;hard
3895;medium
3896;medium
3897;easy
3898;easy
3899;hard
3900;hard
3901;hard
3902;hard
3903;extra
3904;extra
3905;easy
3906;easy
3907;medium
3908;medium
3909;medium
3910;medium
3911;easy
3912;easy
3913;hard
3914;hard
3915;hard
3916;hard
3917;hard
3918;hard
3919;easy
3920;easy
3921;hard
3922;hard
3923;extra
3924;extra
3925;hard
3926;hard
3927;extra
3928;extra
3929;medium
3930;medium
3931;medium
3932;medium
3933;medium
3934;medium
3935;medium
3936;medium
3937;easy
3938;easy
3939;easy
3940;easy
3941;hard
3942;hard
3943;hard
3944;hard
3945;medium
3946;medium
3947;medium
3948;medium
3949;medium
3950;medium
3951;hard
3952;hard
3953;easy
3954;easy
3955;easy
3956;easy
3957;easy
3958;easy
3959;hard
3960;hard
3961;medium
3962;medium
3963;medium
3964;medium
3965;medium
3966;medium
3967;medium
3968;medium
3969;medium
3970;medium
3971;medium
3972;medium
3973;hard
3974;hard
3975;extra
3976;extra
3977;hard
3978;hard
3979;hard
3980;hard
3981;hard
3982;hard
3983;hard
3984;hard
3985;hard
3986;hard
3987;extra
3988;extra
3989;extra
3990;extra
3991;hard
3992;hard
3993;extra
3994;extra
3995;easy
3996;easy
3997;easy
3998;easy
3999;easy
4000;easy
4001;easy
4002;easy
4003;medium
4004;medium
4005;easy
4006;easy
4007;medium
4008;medium
4009;medium
4010;medium
4011;medium
4012;medium
4013;hard
4014;hard
4015;easy
4016;easy
4017;medium
4018;medium
4019;medium
4020;medium
4021;medium
4022;medium
4023;medium
4024;medium
4025;hard
4026;hard
4027;hard
4028;hard
4029;easy
4030;easy
4031;easy
4032;easy
4033;easy
4034;easy
4035;easy
4036;easy
4037;medium
4038;medium
4039;easy
4040;easy
4041;easy
4042;easy
4043;easy
4044;easy
4045;easy
4046;easy
4047;medium
4048;medium
4049;medium
4050;medium
4051;easy
4052;easy
4053;easy
4054;easy
4055;medium
4056;medium
4057;medium
4058;medium
4059;extra
4060;extra
4061;extra
4062;extra
4063;extra
4064;extra
4065;medium
4066;medium
4067;medium
4068;medium
4069;medium
4070;medium
4071;medium
4072;medium
4073;medium
4074;medium
4075;medium
4076;medium
4077;extra
4078;extra
4079;medium
4080;medium
4081;medium
4082;medium
4083;medium
4084;medium
4085;hard
4086;hard
4087;medium
4088;medium
4089;medium
4090;medium
4091;medium
4092;medium
4093;extra
4094;extra
4095;medium
4096;medium
4097;easy
4098;easy
4099;medium
4100;medium
4101;medium
4102;medium
4103;medium
4104;hard
4105;easy
4106;hard
4107;medium
4108;hard
4109;hard
4110;hard
4111;hard
4112;medium
4113;easy
4114;easy
4115;easy
4116;easy
4117;easy
4118;easy
4119;medium
4120;medium
4121;easy
4122;easy
4123;medium
4124;medium
4125;easy
4126;easy
4127;easy
4128;easy
4129;easy
4130;easy
4131;medium
4132;medium
4133;medium
4134;medium
4135;medium
4136;medium
4137;medium
4138;medium
4139;hard
4140;hard
4141;medium
4142;medium
4143;hard
4144;hard
4145;easy
4146;easy
4147;hard
4148;hard
4149;hard
4150;hard
4151;medium
4152;medium
4153;hard
4154;hard
4155;easy
4156;easy
4157;hard
4158;hard
4159;extra
4160;extra
4161;easy
4162;easy
4163;medium
4164;medium
4165;easy
4166;easy
4167;medium
4168;medium
4169;medium
4170;medium
4171;easy
4172;easy
4173;medium
4174;medium
4175;easy
4176;easy
4177;medium
4178;medium
4179;medium
4180;medium
4181;easy
4182;easy
4183;medium
4184;medium
4185;medium
4186;medium
4187;easy
4188;easy
4189;easy
4190;easy
4191;medium
4192;medium
4193;medium
4194;medium
4195;easy
4196;easy
4197;easy
4198;easy
4199;medium
4200;medium
4201;easy
4202;easy
4203;easy
4204;easy
4205;medium
4206;medium
4207;hard
4208;hard
4209;easy
4210;easy
4211;hard
4212;hard
4213;medium
4214;medium
4215;medium
4216;medium
4217;hard
4218;hard
4219;easy
4220;easy
4221;hard
4222;hard
4223;medium
4224;medium
4225;medium
4226;medium
4227;medium
4228;medium
4229;hard
4230;hard
4231;easy
4232;easy
4233;extra
4234;extra
4235;medium
4236;medium
4237;medium
4238;medium
4239;medium
4240;medium
4241;hard
4242;hard
4243;easy
4244;easy
4245;easy
4246;easy
4247;hard
4248;hard
4249;hard
4250;hard
4251;easy
4252;easy
4253;easy
4254;easy
4255;easy
4256;easy
4257;easy
4258;easy
4259;hard
4260;hard
4261;hard
4262;hard
4263;hard
4264;hard
4265;hard
4266;hard
4267;hard
4268;hard
4269;hard
4270;hard
4271;hard
4272;hard
4273;hard
4274;hard
4275;hard
4276;hard
4277;extra
4278;extra
4279;extra
4280;extra
4281;easy
4282;easy
4283;easy
4284;easy
4285;easy
4286;easy
4287;easy
4288;easy
4289;easy
4290;easy
4291;easy
4292;easy
4293;easy
4294;easy
4295;hard
4296;hard
4297;hard
4298;hard
4299;medium
4300;medium
4301;hard
4302;hard
4303;hard
4304;hard
4305;hard
4306;hard
4307;hard
4308;hard
4309;hard
4310;hard
4311;hard
4312;hard
4313;hard
4314;hard
4315;hard
4316;hard
4317;hard
4318;hard
4319;hard
4320;hard
4321;extra
4322;extra
4323;extra
4324;extra
4325;hard
4326;hard
4327;extra
4328;extra
4329;medium
4330;medium
4331;extra
4332;extra
4333;extra
4334;extra
4335;extra
4336;extra
4337;extra
4338;extra
4339;hard
4340;hard
4341;extra
4342;extra
4343;medium
4344;medium
4345;easy
4346;easy
4347;medium
4348;medium
4349;extra
4350;extra
4351;hard
4352;hard
4353;easy
4354;easy
4355;medium
4356;medium
4357;extra
4358;extra
4359;hard
4360;hard
4361;extra
4362;extra
4363;extra
4364;extra
4365;medium
4366;medium
4367;extra
4368;extra
4369;hard
4370;hard
4371;medium
4372;medium
4373;hard
4374;hard
4375;easy
4376;easy
4377;medium
4378;medium
4379;medium
4380;medium
4381;hard
4382;hard
4383;extra
4384;extra
4385;hard
4386;hard
4387;easy
4388;easy
4389;easy
4390;easy
4391;medium
4392;medium
4393;medium
4394;medium
4395;easy
4396;easy
4397;hard
4398;hard
4399;medium
4400;medium
4401;easy
4402;easy
4403;easy
4404;easy
4405;easy
4406;easy
4407;easy
4408;easy
4409;hard
4410;hard
4411;extra
4412;extra
4413;extra
4414;extra
4415;medium
4416;medium
4417;easy
4418;easy
4419;medium
4420;medium
4421;medium
4422;medium
4423;medium
4424;medium
4425;medium
4426;medium
4427;medium
4428;medium
4429;medium
4430;medium
4431;extra
4432;extra
4433;hard
4434;hard
4435;medium
4436;medium
4437;easy
4438;easy
4439;medium
4440;medium
4441;extra
4442;extra
4443;hard
4444;hard
4445;extra
4446;extra
4447;extra
4448;extra
4449;hard
4450;hard
4451;easy
4452;easy
4453;medium
4454;medium
4455;medium
4456;medium
4457;medium
4458;medium
4459;medium
4460;medium
4461;medium
4462;medium
4463;medium
4464;medium
4465;extra
4466;extra
4467;extra
4468;extra
4469;extra
4470;extra
4471;extra
4472;extra
4473;extra
4474;extra
4475;extra
4476;extra
4477;hard
4478;hard
4479;extra
4480;extra
4481;extra
4482;extra
4483;extra
4484;extra
4485;easy
4486;easy
4487;medium
4488;medium
4489;medium
4490;hard
4491;easy
4492;medium
4493;medium
4494;medium
4495;medium
4496;medium
4497;medium
4498;medium
4499;hard
4500;medium
4501;medium
4502;medium
4503;medium
4504;easy
4505;easy
4506;hard
4507;hard
4508;easy
4509;easy
4510;extra
4511;extra
4512;easy
4513;easy
4514;extra
4515;extra
4516;easy
4517;easy
4518;medium
4519;medium
4520;hard
4521;hard
4522;hard
4523;hard
4524;hard
4525;hard
4526;hard
4527;hard
4528;extra
4529;extra
4530;medium
4531;medium
4532;easy
4533;easy
4534;hard
4535;hard
4536;hard
4537;hard
4538;medium
4539;medium
4540;medium
4541;medium
4542;easy
4543;easy
4544;easy
4545;easy
4546;easy
4547;easy
4548;easy
4549;easy
4550;medium
4551;medium
4552;easy
4553;easy
4554;medium
4555;medium
4556;easy
4557;easy
4558;easy
4559;easy
4560;medium
4561;medium
4562;medium
4563;medium
4564;hard
4565;hard
4566;extra
4567;extra
4568;medium
4569;medium
4570;medium
4571;medium
4572;medium
4573;medium
4574;hard
4575;hard
4576;hard
4577;hard
4578;hard
4579;hard
4580;medium
4581;medium
4582;easy
4583;easy
4584;easy
4585;easy
4586;medium
4587;medium
4588;easy
4589;medium
4590;medium
4591;hard
4592;easy
4593;hard
4594;medium
4595;hard
4596;medium
4597;hard
4598;hard
4599;easy
4600;easy
4601;easy
4602;medium
4603;easy
4604;medium
4605;easy
4606;easy
4607;medium
4608;medium
4609;hard
4610;hard
4611;hard
4612;hard
4613;hard
4614;medium
4615;hard
4616;easy
4617;hard
4618;medium
4619;easy
4620;hard
4621;easy
4622;easy
4623;medium
4624;medium
4625;medium
4626;extra
4627;medium
4628;medium
4629;hard
4630;extra
4631;extra
4632;medium
4633;easy
4634;extra
4635;medium
4636;easy
4637;easy
4638;easy
4639;easy
4640;easy
4641;easy
4642;easy
4643;easy
4644;easy
4645;easy
4646;easy
4647;easy
4648;easy
4649;easy
4650;medium
4651;medium
4652;medium
4653;medium
4654;medium
4655;medium
4656;medium
4657;medium
4658;easy
4659;easy
4660;easy
4661;easy
4662;easy
4663;easy
4664;easy
4665;easy
4666;medium
4667;medium
4668;medium
4669;medium
4670;medium
4671;medium
4672;extra
4673;extra
4674;hard
4675;hard
4676;extra
4677;extra
4678;hard
4679;hard
4680;extra
4681;extra
4682;extra
4683;extra
4684;medium
4685;medium
4686;medium
4687;medium
4688;medium
4689;medium
4690;medium
4691;medium
4692;hard
4693;hard
4694;medium
4695;medium
4696;medium
4697;medium
4698;hard
4699;hard
4700;hard
4701;hard
4702;hard
4703;hard
4704;hard
4705;hard
4706;hard
4707;hard
4708;hard
4709;hard
4710;medium
4711;medium
4712;medium
4713;medium
4714;easy
4715;easy
4716;medium
4717;medium
4718;medium
4719;medium
4720;medium
4721;medium
4722;hard
4723;hard
4724;extra
4725;extra
4726;medium
4727;medium
4728;medium
4729;medium
4730;hard
4731;hard
4732;medium
4733;medium
4734;hard
4735;hard
4736;extra
4737;extra
4738;extra
4739;extra
4740;extra
4741;extra
4742;hard
4743;hard
4744;hard
4745;hard
4746;medium
4747;medium
4748;hard
4749;hard
4750;hard
4751;hard
4752;medium
4753;medium
4754;hard
4755;hard
4756;hard
4757;hard
4758;medium
4759;medium
4760;hard
4761;hard
4762;medium
4763;medium
4764;hard
4765;hard
4766;hard
4767;hard
4768;hard
4769;hard
4770;extra
4771;extra
4772;medium
4773;medium
4774;extra
4775;extra
4776;medium
4777;medium
4778;extra
4779;extra
4780;hard
4781;hard
4782;extra
4783;extra
4784;medium
4785;medium
4786;hard
4787;hard
4788;hard
4789;hard
4790;extra
4791;extra
4792;extra
4793;extra
4794;easy
4795;easy
4796;hard
4797;hard
4798;easy
4799;easy
4800;easy
4801;easy
4802;easy
4803;easy
4804;medium
4805;medium
4806;medium
4807;medium
4808;medium
4809;medium
4810;easy
4811;easy
4812;easy
4813;easy
4814;medium
4815;medium
4816;hard
4817;hard
4818;hard
4819;hard
4820;hard
4821;hard
4822;medium
4823;medium
4824;extra
4825;extra
4826;medium
4827;medium
4828;easy
4829;easy
4830;medium
4831;medium
4832;hard
4833;hard
4834;extra
4835;extra
4836;medium
4837;medium
4838;extra
4839;extra
4840;hard
4841;hard
4842;hard
4843;hard
4844;medium
4845;medium
4846;hard
4847;extra
4848;medium
4849;medium
4850;medium
4851;medium
4852;hard
4853;medium
4854;easy
4855;hard
4856;easy
4857;medium
4858;medium
4859;extra
4860;easy
4861;easy
4862;easy
4863;easy
4864;easy
4865;easy
4866;easy
4867;easy
4868;easy
4869;easy
4870;easy
4871;easy
4872;easy
4873;easy
4874;easy
4875;medium
4876;medium
4877;medium
4878;medium
4879;medium
4880;medium
4881;medium
4882;medium
4883;extra
4884;extra
4885;medium
4886;medium
4887;medium
4888;medium
4889;extra
4890;extra
4891;medium
4892;medium
4893;hard
4894;hard
4895;hard
4896;hard
4897;easy
4898;easy
4899;easy
4900;easy
4901;easy
4902;easy
4903;easy
4904;easy
4905;medium
4906;medium
4907;medium
4908;medium
4909;medium
4910;medium
4911;medium
4912;medium
4913;medium
4914;medium
4915;medium
4916;medium
4917;hard
4918;hard
4919;extra
4920;extra
4921;hard
4922;hard
4923;hard
4924;hard
4925;extra
4926;extra
4927;easy
4928;easy
4929;hard
4930;hard
4931;medium
4932;medium
4933;medium
4934;medium
4935;medium
4936;medium
4937;hard
4938;hard
4939;hard
4940;hard
4941;hard
4942;hard
4943;extra
4944;extra
4945;easy
4946;easy
4947;easy
4948;easy
4949;easy
4950;easy
4951;easy
4952;easy
4953;easy
4954;easy
4955;easy
4956;easy
4957;medium
4958;medium
4959;easy
4960;easy
4961;easy
4962;easy
4963;easy
4964;easy
4965;easy
4966;easy
4967;medium
4968;medium
4969;easy
4970;easy
4971;easy
4972;easy
4973;medium
4974;medium
4975;medium
4976;medium
4977;easy
4978;easy
4979;medium
4980;medium
4981;medium
4982;medium
4983;easy
4984;easy
4985;hard
4986;hard
4987;extra
4988;extra
4989;medium
4990;medium
4991;medium
4992;medium
4993;medium
4994;medium
4995;easy
4996;easy
4997;medium
4998;medium
4999;medium
5000;medium
5001;medium
5002;medium
5003;medium
5004;medium
5005;medium
5006;medium
5007;medium
5008;medium
5009;hard
5010;hard
5011;extra
5012;extra
5013;medium
5014;medium
5015;hard
5016;hard
5017;hard
5018;hard
5019;medium
5020;medium
5021;extra
5022;extra
5023;medium
5024;medium
5025;extra
5026;extra
5027;hard
5028;hard
5029;extra
5030;extra
5031;easy
5032;easy
5033;hard
5034;hard
5035;extra
5036;extra
5037;easy
5038;easy
5039;hard
5040;hard
5041;hard
5042;hard
5043;hard
5044;hard
5045;extra
5046;extra
5047;hard
5048;hard
5049;hard
5050;hard
5051;easy
5052;easy
5053;easy
5054;easy
5055;easy
5056;easy
5057;easy
5058;easy
5059;easy
5060;easy
5061;medium
5062;medium
5063;easy
5064;easy
5065;medium
5066;medium
5067;medium
5068;medium
5069;medium
5070;medium
5071;medium
5072;medium
5073;extra
5074;extra
5075;extra
5076;extra
5077;medium
5078;medium
5079;medium
5080;medium
5081;hard
5082;hard
5083;hard
5084;hard
5085;hard
5086;hard
5087;hard
5088;hard
5089;medium
5090;medium
5091;easy
5092;easy
5093;easy
5094;easy
5095;medium
5096;medium
5097;easy
5098;easy
5099;medium
5100;medium
5101;easy
5102;easy
5103;medium
5104;medium
5105;easy
5106;easy
5107;easy
5108;easy
5109;hard
5110;hard
5111;medium
5112;medium
5113;easy
5114;easy
5115;easy
5116;easy
5117;medium
5118;medium
5119;hard
5120;hard
5121;medium
5122;medium
5123;medium
5124;medium
5125;medium
5126;medium
5127;medium
5128;medium
5129;medium
5130;medium
5131;extra
5132;extra
5133;medium
5134;medium
5135;medium
5136;medium
5137;medium
5138;medium
5139;easy
5140;easy
5141;medium
5142;medium
5143;medium
5144;medium
5145;medium
5146;medium
5147;hard
5148;hard
5149;easy
5150;easy
5151;medium
5152;medium
5153;medium
5154;medium
5155;medium
5156;medium
5157;hard
5158;hard
5159;hard
5160;hard
5161;hard
5162;hard
5163;medium
5164;medium
5165;hard
5166;hard
5167;easy
5168;easy
5169;hard
5170;hard
5171;extra
5172;extra
5173;easy
5174;easy
5175;easy
5176;easy
5177;easy
5178;easy
5179;medium
5180;medium
5181;easy
5182;easy
5183;hard
5184;hard
5185;hard
5186;hard
5187;hard
5188;hard
5189;hard
5190;hard
5191;hard
5192;hard
5193;easy
5194;easy
5195;hard
5196;hard
5197;extra
5198;extra
5199;extra
5200;extra
5201;medium
5202;medium
5203;easy
5204;easy
5205;extra
5206;extra
5207;hard
5208;hard
5209;easy
5210;easy
5211;medium
5212;medium
5213;medium
5214;medium
5215;medium
5216;medium
5217;medium
5218;medium
5219;extra
5220;extra
5221;hard
5222;hard
5223;extra
5224;extra
5225;medium
5226;medium
5227;medium
5228;medium
5229;medium
5230;medium
5231;hard
5232;hard
5233;hard
5234;hard
5235;easy
5236;easy
5237;easy
5238;easy
5239;hard
5240;hard
5241;extra
5242;extra
5243;extra
5244;extra
5245;medium
5246;medium
5247;medium
5248;medium
5249;medium
5250;medium
5251;medium
5252;medium
5253;hard
5254;hard
5255;extra
5256;extra
5257;hard
5258;hard
5259;extra
5260;extra
5261;extra
5262;extra
5263;hard
5264;hard
5265;hard
5266;hard
5267;hard
5268;hard
5269;hard
5270;hard
5271;hard
5272;hard
5273;easy
5274;easy
5275;easy
5276;easy
5277;medium
5278;medium
5279;medium
5280;medium
5281;easy
5282;easy
5283;easy
5284;easy
5285;easy
5286;easy
5287;medium
5288;medium
5289;medium
5290;medium
5291;easy
5292;easy
5293;medium
5294;medium
5295;extra
5296;extra
5297;medium
5298;medium
5299;medium
5300;medium
5301;hard
5302;hard
5303;hard
5304;hard
5305;hard
5306;hard
5307;medium
5308;medium
5309;medium
5310;medium
5311;medium
5312;medium
5313;medium
5314;medium
5315;medium
5316;medium
5317;extra
5318;extra
5319;hard
5320;hard
5321;medium
5322;medium
5323;easy
5324;easy
5325;medium
5326;medium
5327;easy
5328;easy
5329;easy
5330;easy
5331;easy
5332;easy
5333;easy
5334;easy
5335;easy
5336;easy
5337;medium
5338;medium
5339;easy
5340;easy
5341;medium
5342;medium
5343;medium
5344;medium
5345;medium
5346;medium
5347;medium
5348;medium
5349;medium
5350;medium
5351;medium
5352;medium
5353;medium
5354;medium
5355;medium
5356;medium
5357;medium
5358;medium
5359;medium
5360;medium
5361;medium
5362;medium
5363;extra
5364;extra
5365;medium
5366;medium
5367;extra
5368;extra
5369;medium
5370;medium
5371;medium
5372;medium
5373;easy
5374;easy
5375;easy
5376;easy
5377;medium
5378;medium
5379;hard
5380;hard
5381;easy
5382;easy
5383;easy
5384;easy
5385;extra
5386;extra
5387;extra
5388;extra
5389;extra
5390;extra
5391;extra
5392;extra
5393;extra
5394;extra
5395;medium
5396;medium
5397;extra
5398;extra
5399;extra
5400;extra
5401;hard
5402;hard
5403;medium
5404;medium
5405;medium
5406;medium
5407;easy
5408;easy
5409;easy
5410;easy
5411;hard
5412;hard
5413;medium
5414;medium
5415;easy
5416;easy
5417;medium
5418;medium
5419;hard
5420;hard
5421;hard
5422;hard
5423;hard
5424;hard
5425;hard
5426;hard
5427;extra
5428;extra
5429;extra
5430;extra
5431;medium
5432;medium
5433;medium
5434;medium
5435;hard
5436;hard
5437;medium
5438;medium
5439;medium
5440;medium
5441;extra
5442;extra
5443;medium
5444;medium
5445;easy
5446;easy
5447;easy
5448;easy
5449;easy
5450;easy
5451;easy
5452;easy
5453;easy
5454;easy
5455;easy
5456;easy
5457;easy
5458;easy
5459;easy
5460;easy
5461;medium
5462;medium
5463;easy
5464;easy
5465;easy
5466;easy
5467;easy
5468;easy
5469;medium
5470;medium
5471;medium
5472;medium
5473;easy
5474;easy
5475;easy
5476;easy
5477;medium
5478;medium
5479;medium
5480;medium
5481;easy
5482;easy
5483;medium
5484;medium
5485;medium
5486;medium
5487;medium
5488;medium
5489;medium
5490;medium
5491;medium
5492;medium
5493;medium
5494;medium
5495;hard
5496;hard
5497;hard
5498;hard
5499;hard
5500;hard
5501;medium
5502;medium
5503;easy
5504;easy
5505;easy
5506;easy
5507;medium
5508;medium
5509;hard
5510;hard
5511;extra
5512;extra
5513;hard
5514;hard
5515;easy
5516;easy
5517;easy
5518;easy
5519;easy
5520;easy
5521;easy
5522;easy
5523;medium
5524;medium
5525;easy
5526;easy
5527;easy
5528;easy
5529;easy
5530;easy
5531;medium
5532;medium
5533;easy
5534;easy
5535;medium
5536;medium
5537;medium
5538;medium
5539;easy
5540;easy
5541;medium
5542;medium
5543;hard
5544;hard
5545;medium
5546;medium
5547;medium
5548;medium
5549;hard
5550;hard
5551;medium
5552;medium
5553;medium
5554;medium
5555;medium
5556;medium
5557;hard
5558;hard
5559;hard
5560;hard
5561;hard
5562;hard
5563;hard
5564;hard
5565;hard
5566;hard
5567;hard
5568;hard
5569;extra
5570;extra
5571;hard
5572;hard
5573;hard
5574;hard
5575;extra
5576;extra
5577;extra
5578;extra
5579;easy
5580;easy
5581;easy
5582;easy
5583;medium
5584;medium
5585;medium
5586;medium
5587;medium
5588;medium
5589;hard
5590;hard
5591;extra
5592;extra
5593;extra
5594;extra
5595;extra
5596;extra
5597;extra
5598;extra
5599;hard
5600;hard
5601;extra
5602;extra
5603;easy
5604;easy
5605;medium
5606;easy
5607;medium
5608;hard
5609;hard
5610;easy
5611;hard
5612;easy
5613;medium
5614;hard
5615;easy
5616;easy
5617;easy
5618;medium
5619;medium
5620;medium
5621;extra
5622;medium
5623;hard
5624;extra
5625;medium
5626;hard
5627;hard
5628;extra
5629;extra
5630;extra
5631;easy
5632;easy
5633;easy
5634;easy
5635;medium
5636;easy
5637;easy
5638;easy
5639;medium
5640;medium
5641;medium
5642;medium
5643;medium
5644;extra
5645;medium
5646;hard
5647;medium
5648;easy
5649;hard
5650;hard
5651;easy
5652;easy
5653;medium
5654;easy
5655;easy
5656;medium
5657;extra
5658;extra
5659;easy
5660;extra
5661;medium
5662;medium
5663;medium
5664;hard
5665;medium
5666;hard
5667;extra
5668;extra
5669;easy
5670;easy
5671;easy
5672;easy
5673;medium
5674;medium
5675;easy
5676;easy
5677;medium
5678;medium
5679;easy
5680;easy
5681;easy
5682;easy
5683;easy
5684;easy
5685;easy
5686;easy
5687;medium
5688;medium
5689;medium
5690;medium
5691;easy
5692;easy
5693;hard
5694;hard
5695;easy
5696;easy
5697;medium
5698;medium
5699;extra
5700;extra
5701;medium
5702;medium
5703;extra
5704;extra
5705;extra
5706;extra
5707;extra
5708;extra
5709;medium
5710;medium
5711;easy
5712;easy
5713;hard
5714;hard
5715;extra
5716;extra
5717;medium
5718;medium
5719;extra
5720;extra
5721;medium
5722;medium
5723;medium
5724;medium
5725;medium
5726;medium
5727;medium
5728;medium
5729;extra
5730;extra
5731;medium
5732;medium
5733;extra
5734;extra
5735;extra
5736;extra
5737;hard
5738;hard
5739;hard
5740;hard
5741;extra
5742;extra
5743;hard
5744;hard
5745;extra
5746;extra
5747;hard
5748;hard
5749;hard
5750;hard
5751;hard
5752;hard
5753;extra
5754;extra
5755;extra
5756;extra
5757;extra
5758;extra
5759;extra
5760;extra
5761;hard
5762;hard
5763;extra
5764;extra
5765;extra
5766;extra
5767;extra
5768;extra
5769;easy
5770;easy
5771;medium
5772;medium
5773;extra
5774;extra
5775;medium
5776;medium
5777;extra
5778;extra
5779;extra
5780;extra
5781;hard
5782;hard
5783;extra
5784;extra
5785;hard
5786;hard
5787;easy
5788;easy
5789;medium
5790;medium
5791;hard
5792;hard
5793;medium
5794;medium
5795;extra
5796;extra
5797;easy
5798;easy
5799;medium
5800;medium
5801;hard
5802;hard
5803;hard
5804;hard
5805;easy
5806;easy
5807;medium
5808;medium
5809;medium
5810;medium
5811;extra
5812;extra
5813;hard
5814;hard
5815;easy
5816;easy
5817;easy
5818;easy
5819;medium
5820;medium
5821;medium
5822;medium
5823;easy
5824;easy
5825;medium
5826;medium
5827;medium
5828;medium
5829;hard
5830;hard
5831;hard
5832;hard
5833;medium
5834;medium
5835;hard
5836;hard
5837;medium
5838;medium
5839;medium
5840;medium
5841;medium
5842;medium
5843;hard
5844;hard
5845;easy
5846;easy
5847;easy
5848;easy
5849;medium
5850;easy
5851;easy
5852;easy
5853;easy
5854;easy
5855;medium
5856;easy
5857;medium
5858;medium
5859;medium
5860;easy
5861;medium
5862;medium
5863;medium
5864;medium
5865;hard
5866;hard
5867;medium
5868;medium
5869;medium
5870;extra
5871;medium
5872;medium
5873;hard
5874;medium
5875;medium
5876;hard
5877;hard
5878;extra
5879;extra
5880;extra
5881;medium
5882;hard
5883;medium
5884;hard
5885;hard
5886;easy
5887;easy
5888;easy
5889;easy
5890;easy
5891;easy
5892;medium
5893;medium
5894;easy
5895;easy
5896;easy
5897;easy
5898;medium
5899;medium
5900;easy
5901;easy
5902;easy
5903;easy
5904;medium
5905;medium
5906;easy
5907;easy
5908;easy
5909;easy
5910;easy
5911;easy
5912;extra
5913;extra
5914;medium
5915;medium
5916;medium
5917;medium
5918;medium
5919;medium
5920;medium
5921;medium
5922;medium
5923;medium
5924;medium
5925;medium
5926;medium
5927;medium
5928;hard
5929;hard
5930;medium
5931;medium
5932;hard
5933;hard
5934;extra
5935;extra
5936;medium
5937;medium
5938;medium
5939;medium
5940;medium
5941;medium
5942;medium
5943;medium
5944;medium
5945;medium
5946;hard
5947;hard
5948;extra
5949;extra
5950;medium
5951;medium
5952;medium
5953;medium
5954;medium
5955;medium
5956;medium
5957;medium
5958;hard
5959;hard
5960;extra
5961;extra
5962;hard
5963;hard
5964;extra
5965;extra
5966;extra
5967;extra
5968;extra
5969;extra
5970;easy
5971;easy
5972;easy
5973;easy
5974;easy
5975;easy
5976;medium
5977;medium
5978;easy
5979;easy
5980;easy
5981;easy
5982;easy
5983;easy
5984;medium
5985;medium
5986;hard
5987;hard
5988;hard
5989;hard
5990;easy
5991;easy
5992;easy
5993;easy
5994;easy
5995;easy
5996;medium
5997;medium
5998;easy
5999;easy
6000;easy
6001;easy
6002;easy
6003;easy
6004;easy
6005;easy
6006;medium
6007;medium
6008;easy
6009;easy
6010;medium
6011;medium
6012;medium
6013;medium
6014;medium
6015;medium
6016;easy
6017;easy
6018;extra
6019;extra
6020;extra
6021;extra
6022;hard
6023;hard
6024;hard
6025;hard
6026;hard
6027;hard
6028;hard
6029;hard
6030;hard
6031;hard
6032;extra
6033;extra
6034;easy
6035;easy
6036;hard
6037;hard
6038;hard
6039;hard
6040;medium
6041;medium
6042;medium
6043;medium
6044;extra
6045;extra
6046;medium
6047;medium
6048;hard
6049;hard
6050;hard
6051;hard
6052;extra
6053;extra
6054;extra
6055;extra
6056;easy
6057;easy
6058;easy
6059;easy
6060;easy
6061;easy
6062;easy
6063;easy
6064;easy
6065;easy
6066;hard
6067;hard
6068;hard
6069;hard
6070;easy
6071;easy
6072;easy
6073;easy
6074;medium
6075;medium
6076;extra
6077;extra
6078;hard
6079;hard
6080;hard
6081;hard
6082;hard
6083;hard
6084;hard
6085;hard
6086;extra
6087;extra
6088;easy
6089;easy
6090;easy
6091;easy
6092;medium
6093;medium
6094;easy
6095;easy
6096;easy
6097;easy
6098;medium
6099;medium
6100;medium
6101;medium
6102;easy
6103;easy
6104;extra
6105;extra
6106;medium
6107;medium
6108;extra
6109;extra
6110;extra
6111;extra
6112;extra
6113;extra
6114;hard
6115;hard
6116;hard
6117;hard
6118;easy
6119;easy
6120;easy
6121;easy
6122;medium
6123;medium
6124;medium
6125;medium
6126;medium
6127;medium
6128;hard
6129;hard
6130;extra
6131;extra
6132;extra
6133;extra
6134;extra
6135;extra
6136;easy
6137;easy
6138;hard
6139;hard
6140;hard
6141;hard
6142;extra
6143;extra
6144;easy
6145;easy
6146;easy
6147;easy
6148;easy
6149;easy
6150;easy
6151;easy
6152;easy
6153;easy
6154;medium
6155;medium
6156;easy
6157;easy
6158;medium
6159;medium
6160;easy
6161;easy
6162;easy
6163;easy
6164;easy
6165;easy
6166;medium
6167;medium
6168;medium
6169;medium
6170;medium
6171;medium
6172;medium
6173;medium
6174;medium
6175;medium
6176;medium
6177;medium
6178;medium
6179;medium
6180;medium
6181;medium
6182;medium
6183;medium
6184;hard
6185;hard
6186;easy
6187;easy
6188;medium
6189;medium
6190;hard
6191;hard
6192;extra
6193;extra
6194;medium
6195;medium
6196;medium
6197;medium
6198;easy
6199;easy
6200;extra
6201;extra
6202;medium
6203;medium
6204;easy
6205;easy
6206;medium
6207;easy
6208;medium
6209;medium
6210;easy
6211;medium
6212;hard
6213;easy
6214;medium
6215;medium
6216;medium
6217;hard
6218;medium
6219;extra
6220;extra
6221;easy
6222;easy
6223;medium
6224;medium
6225;medium
6226;medium
6227;easy
6228;easy
6229;medium
6230;medium
6231;hard
6232;hard
6233;easy
6234;easy
6235;medium
6236;medium
6237;medium
6238;medium
6239;hard
6240;hard
6241;hard
6242;hard
6243;medium
6244;medium
6245;easy
6246;easy
6247;medium
6248;medium
6249;medium
6250;medium
6251;hard
6252;hard
6253;easy
6254;easy
6255;hard
6256;hard
6257;hard
6258;hard
6259;medium
6260;medium
6261;extra
6262;extra
6263;hard
6264;hard
6265;extra
6266;extra
6267;extra
6268;extra
6269;medium
6270;medium
6271;easy
6272;easy
6273;medium
6274;medium
6275;extra
6276;extra
6277;hard
6278;hard
6279;medium
6280;medium
6281;medium
6282;medium
6283;medium
6284;medium
6285;medium
6286;medium
6287;hard
6288;hard
6289;medium
6290;medium
6291;extra
6292;extra
6293;extra
6294;extra
6295;extra
6296;extra
6297;easy
6298;easy
6299;hard
6300;hard
6301;medium
6302;medium
6303;easy
6304;easy
6305;medium
6306;medium
6307;medium
6308;medium
6309;medium
6310;medium
6311;easy
6312;easy
6313;extra
6314;extra
6315;medium
6316;medium
6317;extra
6318;extra
6319;easy
6320;easy
6321;medium
6322;medium
6323;extra
6324;extra
6325;extra
6326;extra
6327;easy
6328;easy
6329;hard
6330;hard
6331;hard
6332;hard
6333;easy
6334;easy
6335;easy
6336;easy
6337;medium
6338;medium
6339;easy
6340;easy
6341;extra
6342;extra
6343;medium
6344;medium
6345;extra
6346;extra
6347;easy
6348;easy
6349;easy
6350;medium
6351;medium
6352;easy
6353;easy
6354;hard
6355;medium
6356;medium
6357;hard
6358;hard
6359;easy
6360;medium
6361;medium
6362;extra
6363;medium
6364;medium
6365;medium
6366;hard
6367;easy
6368;medium
6369;medium
6370;easy
6371;easy
6372;medium
6373;easy
6374;medium
6375;medium
6376;extra
6377;hard
6378;hard
6379;extra
6380;extra
6381;medium
6382;hard
6383;medium
6384;easy
6385;hard
6386;easy
6387;easy
6388;medium
6389;medium
6390;easy
6391;easy
6392;medium
6393;medium
6394;medium
6395;medium
6396;medium
6397;medium
6398;extra
6399;extra
6400;easy
6401;easy
6402;extra
6403;extra
6404;medium
6405;medium
6406;medium
6407;medium
6408;medium
6409;medium
6410;medium
6411;medium
6412;medium
6413;medium
6414;hard
6415;hard
6416;easy
6417;easy
6418;medium
6419;medium
6420;hard
6421;hard
6422;easy
6423;easy
6424;medium
6425;medium
6426;medium
6427;medium
6428;easy
6429;easy
6430;medium
6431;medium
6432;easy
6433;easy
6434;medium
6435;medium
6436;medium
6437;medium
6438;medium
6439;medium
6440;easy
6441;easy
6442;medium
6443;medium
6444;easy
6445;easy
6446;easy
6447;easy
6448;easy
6449;easy
6450;medium
6451;medium
6452;medium
6453;medium
6454;medium
6455;medium
6456;hard
6457;hard
6458;hard
6459;hard
6460;hard
6461;hard
6462;hard
6463;hard
6464;extra
6465;extra
6466;extra
6467;extra
6468;hard
6469;hard
6470;easy
6471;easy
6472;easy
6473;easy
6474;easy
6475;easy
6476;easy
6477;easy
6478;easy
6479;easy
6480;medium
6481;medium
6482;hard
6483;hard
6484;extra
6485;extra
6486;extra
6487;extra
6488;extra
6489;extra
6490;easy
6491;easy
6492;extra
6493;extra
6494;easy
6495;easy
6496;medium
6497;medium
6498;hard
6499;hard
6500;medium
6501;medium
6502;extra
6503;extra
6504;easy
6505;easy
6506;hard
6507;hard
6508;hard
6509;hard
6510;extra
6511;extra
6512;hard
6513;hard
6514;hard
6515;hard
6516;extra
6517;extra
6518;medium
6519;medium
6520;medium
6521;medium
6522;easy
6523;easy
6524;medium
6525;medium
6526;medium
6527;medium
6528;medium
6529;medium
6530;easy
6531;easy
6532;easy
6533;easy
6534;medium
6535;medium
6536;medium
6537;medium
6538;easy
6539;easy
6540;easy
6541;easy
6542;medium
6543;medium
6544;medium
6545;medium
6546;medium
6547;medium
6548;medium
6549;medium
6550;medium
6551;medium
6552;medium
6553;medium
6554;medium
6555;medium
6556;medium
6557;medium
6558;hard
6559;hard
6560;easy
6561;easy
6562;easy
6563;easy
6564;extra
6565;extra
6566;extra
6567;extra
6568;medium
6569;medium
6570;easy
6571;easy
6572;hard
6573;hard
6574;medium
6575;medium
6576;medium
6577;medium
6578;medium
6579;medium
6580;easy
6581;easy
6582;medium
6583;medium
6584;hard
6585;hard
6586;hard
6587;hard
6588;extra
6589;extra
6590;medium
6591;medium
6592;medium
6593;medium
6594;hard
6595;hard
6596;extra
6597;extra
6598;extra
6599;extra
6600;easy
6601;medium
6602;easy
6603;medium
6604;medium
6605;hard
6606;medium
6607;medium
6608;hard
6609;hard
6610;medium
6611;easy
6612;medium
6613;medium
6614;medium
6615;extra
6616;extra
6617;medium
6618;easy
6619;hard
6620;extra
6621;extra
6622;medium
6623;easy
6624;easy
6625;easy
6626;easy
6627;easy
6628;easy
6629;medium
6630;medium
6631;medium
6632;medium
6633;medium
6634;medium
6635;medium
6636;medium
6637;easy
6638;easy
6639;medium
6640;medium
6641;easy
6642;easy
6643;medium
6644;medium
6645;extra
6646;extra
6647;medium
6648;medium
6649;medium
6650;medium
6651;easy
6652;easy
6653;medium
6654;medium
6655;extra
6656;extra
6657;medium
6658;medium
6659;medium
6660;medium
6661;medium
6662;medium
6663;medium
6664;medium
6665;extra
6666;extra
6667;easy
6668;easy
6669;medium
6670;medium
6671;easy
6672;easy
6673;medium
6674;medium
6675;hard
6676;hard
6677;medium
6678;medium
6679;medium
6680;medium
6681;medium
6682;medium
6683;medium
6684;medium
6685;medium
6686;medium
6687;medium
6688;medium
6689;extra
6690;extra
6691;medium
6692;medium
6693;extra
6694;extra
6695;medium
6696;medium
6697;medium
6698;medium
6699;easy
6700;easy
6701;hard
6702;hard
6703;hard
6704;hard
6705;medium
6706;medium
6707;medium
6708;medium
6709;medium
6710;medium
6711;hard
6712;hard
6713;hard
6714;hard
6715;extra
6716;easy
6717;easy
6718;easy
6719;easy
6720;easy
6721;easy
6722;medium
6723;medium
6724;medium
6725;medium
6726;easy
6727;easy
6728;medium
6729;medium
6730;medium
6731;medium
6732;medium
6733;medium
6734;medium
6735;medium
6736;medium
6737;medium
6738;hard
6739;hard
6740;medium
6741;medium
6742;medium
6743;medium
6744;medium
6745;medium
6746;hard
6747;hard
6748;medium
6749;medium
6750;extra
6751;extra
6752;medium
6753;medium
6754;extra
6755;extra
6756;medium
6757;medium
6758;medium
6759;medium
6760;extra
6761;extra
6762;medium
6763;medium
6764;hard
6765;hard
6766;easy
6767;easy
6768;easy
6769;easy
6770;easy
6771;easy
6772;hard
6773;hard
6774;hard
6775;hard
6776;medium
6777;medium
6778;hard
6779;hard
6780;medium
6781;medium
6782;medium
6783;medium
6784;extra
6785;extra
6786;extra
6787;extra
6788;hard
6789;hard
6790;hard
6791;hard
6792;extra
6793;extra
6794;extra
6795;extra
6796;extra
6797;extra
6798;hard
6799;hard
6800;extra
6801;extra
6802;extra
6803;extra
6804;easy
6805;easy
6806;medium
6807;medium
6808;easy
6809;easy
6810;easy
6811;easy
6812;easy
6813;easy
6814;medium
6815;medium
6816;medium
6817;medium
6818;easy
6819;easy
6820;medium
6821;medium
6822;medium
6823;medium
6824;easy
6825;easy
6826;medium
6827;medium
6828;medium
6829;medium
6830;medium
6831;medium
6832;medium
6833;medium
6834;extra
6835;extra
6836;extra
6837;extra
6838;extra
6839;extra
6840;medium
6841;medium
6842;hard
6843;hard
6844;extra
6845;extra
6846;extra
6847;extra
6848;extra
6849;extra
6850;hard
6851;hard
6852;medium
6853;medium
6854;easy
6855;easy
6856;medium
6857;medium
6858;medium
6859;medium
6860;medium
6861;medium
6862;hard
6863;hard
6864;medium
6865;medium
6866;easy
6867;easy
6868;extra
6869;extra
6870;medium
6871;medium
6872;hard
6873;hard
6874;medium
6875;medium
6876;extra
6877;extra
6878;extra
6879;extra
6880;extra
6881;extra
6882;extra
6883;extra
6884;extra
6885;extra
6886;medium
6887;medium
6888;medium
6889;medium
6890;easy
6891;easy
6892;easy
6893;easy
6894;medium
6895;medium
6896;medium
6897;medium
6898;extra
6899;extra
6900;extra
6901;extra
6902;medium
6903;medium
6904;medium
6905;medium
6906;medium
6907;medium
6908;medium
6909;medium
6910;extra
6911;extra
6912;extra
6913;extra
6914;medium
6915;medium
6916;medium
6917;medium
6918;hard
6919;hard
6920;hard
6921;hard
6922;easy
6923;easy
6924;hard
6925;hard
6926;easy
6927;easy
6928;easy
6929;easy
6930;extra
6931;extra
6932;extra
6933;extra
6934;medium
6935;medium
6936;medium
6937;medium
6938;medium
6939;medium
6940;medium
6941;medium
6942;extra
6943;extra
6944;extra
6945;extra
6946;easy
6947;medium
6948;medium
6949;easy
6950;medium
6951;medium
6952;easy
6953;hard
6954;medium
6955;extra
6956;extra
6957;medium
6958;medium
6959;hard
6960;hard
6961;extra
6962;hard
6963;easy
6964;easy
6965;medium
6966;medium
6967;easy
6968;easy
6969;medium
6970;medium
6971;medium
6972;medium
6973;hard
6974;hard
6975;medium
6976;medium
6977;medium
6978;medium
6979;hard
6980;hard
6981;hard
6982;hard
6983;medium
6984;medium
6985;easy
6986;easy
6987;hard
6988;hard
6989;hard
6990;hard
6991;medium
6992;medium
6993;medium
6994;medium
6995;medium
6996;medium
6997;hard
6998;hard
6999;medium
7000;medium
